{"assets/dlls/hoowave_memory_patch.dll":["assets/dlls/hoowave_memory_patch.dll"],"assets/icons/github.svg":["assets/icons/github.svg"],"assets/logo/logo.ico":["assets/logo/logo.ico"],"assets/logo/logo.png":["assets/logo/logo.png"],"packages/cupertino_icons/assets/CupertinoIcons.ttf":["packages/cupertino_icons/assets/CupertinoIcons.ttf"],"packages/fluttertoast/assets/toastify.css":["packages/fluttertoast/assets/toastify.css"],"packages/fluttertoast/assets/toastify.js":["packages/fluttertoast/assets/toastify.js"]}